text,label
"Бизнес (англ. business — дело, занятие, предприятие) — деятельность, направленная на систематическое получение прибыли.",0
"В русском языке слова предпринимательство и бизнес используются как синонимы, но иногда имеют разное значение.",0
"В условиях рыночной экономики большинство видов экономической деятельности является формами бизнеса.",0
"По численности работников, объёму производства продукции, условиям деятельности выделяют малый, средний и крупный бизнес.",0
"Малый бизнес является самым массовым, при этом каждый бизнесмен занимает небольшой удельный вес на рынке.",0
"Как правило, это небольшое предприятие, которое занимается розничной торговлей, оказанием услуг или выпускает однородную продукцию.",0
"В некоторых странах существует система государственной поддержки такого бизнеса, так как он обеспечивает широкую занятость при невысокой прибыльности.",0
"Бизнесмен обычно стремится превратить свой актив в капитал, что будет приносить доход независимо от личного участия собственника.",0
"Классическая школа политэкономии представляла экономику как саморегулирующийся механизм.",0
"А. Смит и Д. Риккардо рассматривали предпринимательскую прибыль как компенсацию за риск.",0
"Исследования показали, как принятие комплексных систем управления безопасностью сокращает количество инцидентов.",0
"Научные исследования и разработки относятся к деятельности, связанной с корпоративными или государственными инновациями.",0
"Эффективное и результативное управление бизнесом называется менеджментом.",0
"Управление бизнес-процессами — это целостный подход к управлению, ориентированный на потребности клиентов.",0
"Производственный бизнес реализуется в рамках конкретных производственных структур.",0
"Коммерческий бизнес может быть реализован через соответствующие коммерческие организации.",0
"Финансовый бизнес — это сфера, в которой продается и покупается национальная и иностранная валюта.",0
"Страховой бизнес является особой формой финансового бизнеса.",0
"Гражданский кодекс Российской Федерации установил возможность создания предприятий различных организационно-правовых форм.",0
"Финансовые новости показывают, что экономика растет и бизнес развивается.",0
"Недавний отчет о состоянии бизнеса демонстрирует рост прибыли.",0
"Банковская система играет важную роль в развитии бизнеса и экономики.",0
"Стратегия роста бизнеса должна включать в себя анализ рынка и конкуренции.",0
"Успешные бизнесмены постоянно ищут новые возможности для расширения.",0
"В условиях кризиса многие компании пересматривают свои бизнес-модели.",0
"Планирование бюджета — ключевой аспект управления бизнесом.",0
"Иностранные инвестиции могут существенно повлиять на развитие малого и среднего бизнеса.",0
"Сеть интернет-магазинов становится все более популярной среди потребителей.",0
"Налоговая политика государства может оказывать значительное влияние на бизнес.",0
"Внедрение новых технологий позволяет увеличить эффективность работы бизнеса.",0
"Понимание потребностей клиентов — важный аспект успешного бизнеса.",0

"Это захватывающий фильм, который заставляет вас смеяться.",1
"Фильм о приключениях космического путешественника очень интересный.",1
"Это комедия, которая поднимает настроение и дает возможность расслабиться.",1
"Фильмы ужасов всегда вызывают сильные эмоции и адреналин.",1
"Драма о сложных человеческих отношениях затрагивает глубокие темы.",1
"Документальные фильмы помогают нам лучше понять окружающий мир.",1
"Музыкальные фильмы часто вдохновляют зрителей на творчество.",1
"Фильмы по книгам зачастую могут передать уникальную атмосферу произведения.",1
"Кинофестивали — отличная возможность для независимых режиссёров показать свои работы.",1
"Семейные фильмы подходят для просмотра с детьми и часто учат важным ценностям.",1
"Комедийные сериалы поднимают настроение и дарят положительные эмоции.",1
"Научно-фантастические фильмы позволяют нам задуматься о будущем.",1
"Романтические комедии всегда привлекают внимание зрителей.",1
"Классические фильмы остаются популярными на протяжении многих поколений.",1
"Фильмы о супергероях собирают огромные кассовые сборы и имеют преданных фанатов.",1

"Новые технологии изменяют наш образ жизни, и это потрясающе.",2
"Технологические стартапы меняют правила игры на рынке.",2
"Новые устройства делают повседневные задачи более удобными.",2
"Искусственный интеллект открывает новые горизонты для бизнеса и науки.",2
"Развитие интернета вещей изменяет подход к управлению домами и офисами.",2
"Автономные транспортные средства могут изменить индустрию грузоперевозок.",2
"3D-печать открывает новые возможности для производства и дизайна.",2
"Облачные технологии делают доступ к информации более удобным и быстрым.",2
"Кибербезопасность становится важным аспектом для защиты данных.",2
"Виртуальная реальность меняет способ, которым мы взаимодействуем с технологиями.",2
"Блокчейн-технологии могут преобразовать финансовый сектор.",2
"Технологии устойчивого развития помогают минимизировать негативное воздействие на окружающую среду.",2
"Системы автоматизации значительно повышают эффективность производственных процессов.",2
"Носимые устройства становятся популярными среди пользователей, следящих за здоровьем.",2
"Новые методы анализа данных помогают компаниям лучше понимать своих клиентов.",2

"Спортивные события собирают миллионы зрителей со всего мира.",3
"В этом матче команды показали невероятный уровень игры.",3
"Чемпионат мира по футболу всегда привлекает внимание зрителей.",3
"Олимпийские игры демонстрируют спортивные достижения и культурное разнообразие.",3
"Финальные матчи в разных видах спорта всегда полны напряжения и эмоций.",3
"Спортивные трансляции помогают укрепить общение между фанатами.",3
"Спорт привлекает внимание не только зрителей, но и спонсоров.",3
"Здоровый образ жизни и занятия спортом становятся все более популярными среди молодежи.",3
"Футбольные клубы развивают свои академии для подготовки молодых талантов.",3
"Профессиональные атлеты становятся кумирами для многих поклонников.",3
"Спортивные мероприятия способствуют развитию туризма в городах-организаторах.",3
"Соревнования по различным видам спорта привлекают внимание СМИ и зрителей.",3
"Летние и зимние виды спорта имеют своих преданных поклонников по всему миру.",3
"Местные спортивные лиги помогают выявлять и развивать новых игроков.",3
"Спорт является важной частью культурной жизни многих стран.",3
